<?xml version="1.0" encoding="UTF-8" ?>
<!DOCTYPE mapper PUBLIC "-//mybatis.org//DTD Mapper 3.0//EN"
	"http://mybatis.org/dtd/mybatis-3-mapper.dtd">

<mapper namespace="memberSql">
	
	<resultMap type="member" id="memberRM">
		<result property="memberId" column="member_id" jdbcType="VARCHAR"/>
		<result property="password" column="password" jdbcType="VARCHAR"/>
		<result property="name" column="name" jdbcType="VARCHAR"/>
		<result property="phoneNumber" column="phone_number" jdbcType="VARCHAR"/>
	</resultMap>
	
	<sql id="select-member">
		SELECT member_id as memberId, password, name, phone_number as phoneNumber
		FROM member
	</sql>
	
	<insert id="registerMember" parameterType="member">
		INSERT INTO
		member(member_id, password, name, phone_number)
		VALUES(#{memberId}, #{password}, #{name}, #{phoneNumber})
	</insert>
	
	<select id="idCheck" parameterType="string" resultMap="memberRM">
		<include refid="select-member"/>
		WHERE member_id = #{value}
	</select>
	
	<select id="login" parameterType="member" resultMap="memberRM">
		<include refid="select-member"/>
		WHERE member_id=#{memberId} AND password=#{password} 
	</select>
	
	<select id="findId" parameterType="member" resultMap="memberRM">
		<include refid="select-member"/>
		WHERE name = #{name} AND phone_number = #{phoneNumber}
	</select>
	
	<select id="findPassword" parameterType="member" resultMap="memberRM">
		<include refid="select-member"/>
		WHERE
			member_id = #{memberId}
			AND name = #{name}
			AND phone_number = #{phoneNumber}
	</select>
	
	<select id="getAllMembers" resultMap="memberRM">
		<include refid="select-member"/>
	</select>
</mapper>	

















 
 
 
 
 
 
 
 
 
 
 
 
 
 
 
 
 
 